RC#_o,RC Name_o,Category_o,Vendor#_o,Vendor Name_o,Address 1_o,Address 2_o,City_o,State_o,ZIP code_o,Amount_o,TPN_ID,RC#_u,RC Name_u,Category_u,Vendor#_u,Vendor Name_u,Address 1_u,Address 2_u,City_u,State_u,ZIP code_u,Amount_u,AmountDiff
1,Chancellor,6000,103356,DELL MARKETING LP,DEPT AT 40275,,ATLANTA,GA,31192-0001,6127,1-6000-103356,1,Chancellor,6000,103356,DELL MARKETING LP,DEPT AT 40275,,ATLANTA,GA,31192-0001,7116,989
1,Chancellor,6000,185133,CDW GOVERNMENT INC,75 REMITTANCE DR,SUITE 1515,CHICAGO,IL,60675-1515,7500,1-6000-185133,1,Chancellor,6000,185133,CDW GOVERNMENT INC,75 REMITTANCE DR,SUITE 1515,CHICAGO,IL,60675-1515,7547,47
1,Chancellor,6000,521322,SUPRA OFFICE SOLUTIONS INC,PO BOX 201,,BALA CYNWYD,PA,19004,6600,1-6000-521322,1,Chancellor,6000,521322,SUPRA OFFICE SOLUTIONS INC,PO BOX 201,,BALA CYNWYD,PA,19004,6302,-298
1,Chancellor,6400,320609,MEDIAQUEST,4891 CAMPBELLS RUN RD,,PITTSBURGH,PA,15205,50667,1-6400-320609,1,Chancellor,6400,320609,MEDIAQUEST,4891 CAMPBELLS RUN RD,,PITTSBURGH,PA,15205,23212,-27455
1,Chancellor,6400,536536,"GOODMANSON, RACHEL MENNIES",1950 N CAMPBELL AVE,402 N,CHICAGO,IL,60647,3050,1-6400-536536,1,Chancellor,6400,536536,"GOODMANSON, RACHEL MENNIES",1950 N CAMPBELL AVE,402 N,CHICAGO,IL,60647,4750,1700
1,Chancellor,6400,608709,"BECKER, REIKO Y",200 OPHELIA ST,,PITTSBURGH,PA,15213,5713,1-6400-608709,1,Chancellor,6400,608709,"BECKER, REIKO Y",200 OPHELIA ST,,PITTSBURGH,PA,15213,6613,900
1,Chancellor,6400,613878,CRIMSON QUILL PUBLICATIONS,1130 MCCABE STREET,,PITTSBURGH,PA,15201,1400,1-6400-613878,1,Chancellor,6400,613878,CRIMSON QUILL PUBLICATIONS,1130 MCCABE STREET,,PITTSBURGH,PA,15201,2200,800
1,Chancellor,6700,296762,"US POSTMASTER BURLINGTON, VT",PO BOX 130,,BURLINGTON,VT,05402,54743,1-6700-296762,1,Chancellor,6700,296762,"US POSTMASTER BURLINGTON, VT",PO BOX 130,,BURLINGTON,VT,05402,97961,43218
1,Chancellor,6900,258411,ASSN OF GOVERNING BOARDS OF UNIVERSITIES,AGB MEMBERSHIP,PO BOX  418687,BOSTON,MA,02241-8687,11995,1-6900-258411,1,Chancellor,6900,258411,ASSN OF GOVERNING BOARDS OF UNIVERSITIES,AGB MEMBERSHIP,PO BOX  418687,BOSTON,MA,02241-8687,35985,23990
1,Chancellor,7300,105280,HILL COMMUNITY DEVELOPMENT CORP,2015-17 CENTRE AVE 2ND FL,,PITTSBURGH,PA,15219,169553,1-7300-105280,1,Chancellor,7300,105280,HILL COMMUNITY DEVELOPMENT CORP,2015-17 CENTRE AVE 2ND FL,,PITTSBURGH,PA,15219,226071,56518
1,Chancellor,7300,121976,WEBSTER HALL PLAZA ASSOCS,NDC REAL ESTATE MANAGEMENT INC,4415 5TH AVE,PITTSBURGH,PA,15213,38259,1-7300-121976,1,Chancellor,7300,121976,WEBSTER HALL PLAZA ASSOCS,NDC REAL ESTATE MANAGEMENT INC,4415 5TH AVE,PITTSBURGH,PA,15213,45727,7468
1,Chancellor,7300,176128,WEBSTER APARTMENT ASSOC(S),NDC REAL ESTATE MANAGEMENT INC,4415 FIFTH AVENUE,PITTSBURGH,PA,15213,119774,1-7300-176128,1,Chancellor,7300,176128,WEBSTER APARTMENT ASSOC(S),NDC REAL ESTATE MANAGEMENT INC,4415 FIFTH AVENUE,PITTSBURGH,PA,15213,139801,20027
1,Chancellor,7300,625742,STATE SERVICES ORGANIZATION,PO BOX 38052,,BALTIMORE,MD,21297-8052,45064,1-7300-625742,1,Chancellor,7300,625742,STATE SERVICES ORGANIZATION,PO BOX 38052,,BALTIMORE,MD,21297-8052,70207,25143
1,Chancellor,7400,109751,REED & WITTING COMPANY,5000 BAUM BLVD,,PITTSBURGH,PA,15213,43357,1-7400-109751,1,Chancellor,7400,109751,REED & WITTING COMPANY,5000 BAUM BLVD,,PITTSBURGH,PA,15213,47445,4088
3,SVC Research,6000,100877,APPLE COMPUTER INC,PO BOX 281877,,ATLANTA,GA,30384-1877,15852,3-6000-100877,3,SVC Research,6000,100877,APPLE COMPUTER INC,PO BOX 281877,,ATLANTA,GA,30384-1877,20808,4956
3,SVC Research,6400,106581,LANDAUER INC,PO BOX 809051,,CHICAGO,IL,60680-9051,79721,3-6400-106581,3,SVC Research,6400,106581,LANDAUER INC,PO BOX 809051,,CHICAGO,IL,60680-9051,107361,27640
3,SVC Research,6400,298032,"MEDLEN & CARROLL, LLP",1440 BROADWAY SUITE 1010,,OAKLAND,CA,94612,96727,3-6400-298032,3,SVC Research,6400,298032,"MEDLEN & CARROLL, LLP",1440 BROADWAY SUITE 1010,,OAKLAND,CA,94612,129144,32417
3,SVC Research,6400,424663,CPA GLOBAL LIMITED,225 REINEKERS LANE,STE. 400,ALEXANDRIA,VA,22314,937300,3-6400-424663,3,SVC Research,6400,424663,CPA GLOBAL LIMITED,225 REINEKERS LANE,STE. 400,ALEXANDRIA,VA,22314,927936,-9364
3,SVC Research,6900,102753,COMMONWEALTH OF PENNSYLVANIA,OVR,45 NORTH 4TH ST,ALLENTOWN,PA,18102,43875,3-6900-102753,3,SVC Research,6900,102753,COMMONWEALTH OF PENNSYLVANIA,OVR,45 NORTH 4TH ST,ALLENTOWN,PA,18102,67425,23550
3,SVC Research,6900,102987,COUNCIL ON GOVERNMENTAL RELATIONS,1 DUPONT CIR NW,STE 425,WASHINGTON,DC,20036,10500,3-6900-102987,3,SVC Research,6900,102987,COUNCIL ON GOVERNMENTAL RELATIONS,1 DUPONT CIR NW,STE 425,WASHINGTON,DC,20036,31500,21000
5,Student Affairs,6000,100877,APPLE COMPUTER INC,PO BOX 281877,,ATLANTA,GA,30384-1877,18797,5-6000-100877,5,Student Affairs,6000,100877,APPLE COMPUTER INC,PO BOX 281877,,ATLANTA,GA,30384-1877,18835,38
5,Student Affairs,6400,511177,"GUIDEBOOK, INC",261 HAMILTON AVE,SUITE 205,PALO ALTO,CA,94306,3500,5-6400-511177,5,Student Affairs,6400,511177,GUIDEBOOK INC,261 HAMILTON AVE,SUITE 205,PALO ALTO,CA,94306,10500,7000
5,Student Affairs,6600,103356,DELL MARKETING LP,DEPT AT 40275,,ATLANTA,GA,31192-0001,3492,5-6600-103356,5,Student Affairs,6600,103356,DELL MARKETING LP,DEPT AT 40275,,ATLANTA,GA,31192-0001,9062,5570
6,Kenneth P. Dietrich School of Arts and Sciences,6000,100877,APPLE COMPUTER INC,PO BOX 281877,,ATLANTA,GA,30384-1877,458046,6-6000-100877,6,Kenneth P. Dietrich School of Arts and Sciences,6000,100877,APPLE COMPUTER INC,PO BOX 281877,,ATLANTA,GA,30384-1877,465764,7718
6,Kenneth P. Dietrich School of Arts and Sciences,6000,103356,DELL MARKETING LP,DEPT AT 40275,,ATLANTA,GA,31192-0001,374979,6-6000-103356,6,Kenneth P. Dietrich School of Arts and Sciences,6000,103356,DELL MARKETING LP,DEPT AT 40275,,ATLANTA,GA,31192-0001,398140,23161
6,Kenneth P. Dietrich School of Arts and Sciences,6000,248635,GRAINGER,3750 BROOKSIDE PKWY,STE 260,ALPHARETTA,GA,30022-1433,16245,6-6000-248635,6,Kenneth P. Dietrich School of Arts and Sciences,6000,248635,GRAINGER,3750 BROOKSIDE PKWY,STE 260,ALPHARETTA,GA,30022-1433,16727,482
6,Kenneth P. Dietrich School of Arts and Sciences,6000,263560,DON'S APPLIANCES LTD,2335 WASHINGTON RD,,CANONSBURG,PA,15317,4185,6-6000-263560,6,Kenneth P. Dietrich School of Arts and Sciences,6000,263560,DON'S APPLIANCES LTD,2335 WASHINGTON RD,,CANONSBURG,PA,15317,5820,1635
6,Kenneth P. Dietrich School of Arts and Sciences,6000,274007,VWR INTERNATIONAL,405 HERON DRIVE,,BRIDGEPORT,NJ,08014,92452,6-6000-274007,6,Kenneth P. Dietrich School of Arts and Sciences,6000,274007,VWR INTERNATIONAL,405 HERON DRIVE,,BRIDGEPORT,NJ,08014,92563,111
6,Kenneth P. Dietrich School of Arts and Sciences,6000,277999,GENEWIZ LLC,PO BOX 3865,,CAROL STREAM,IL,60132-3865,13938,6-6000-277999,6,Kenneth P. Dietrich School of Arts and Sciences,6000,277999,GENEWIZ LLC,PO BOX 3865,,CAROL STREAM,IL,60132-3865,17193,3255
6,Kenneth P. Dietrich School of Arts and Sciences,6000,503874,SAI LIFE SCIENCES LIMITED,GROUND 1ST 2ND & 3RD FL BLDG I PLOT NO 2,CHRYSALIS ENCLAVE INTL BIOTECH PARK,HINJEWADI,PUNE,411 057,20510,6-6000-503874,6,Kenneth P. Dietrich School of Arts and Sciences,6000,503874,SAI LIFE SCIENCES LIMITED,GROUND 1ST 2ND & 3RD FL BLDG I PLOT NO 2,CHRYSALIS ENCLAVE INTL BIOTECH PARK,HINJEWADI,PUNE,411 057,19355,-1155
6,Kenneth P. Dietrich School of Arts and Sciences,6000,555151,LABWEAR.COM,480 BARNUM AVE BUILDING 5 SUITE 30,,BRIDGEPORT,CT,06608,2412,6-6000-555151,6,Kenneth P. Dietrich School of Arts and Sciences,6000,555151,LABWEAR.COM,480 BARNUM AVE BUILDING 5 SUITE 30,,BRIDGEPORT,CT,06608,1685,-727
6,Kenneth P. Dietrich School of Arts and Sciences,6400,570241,WILSON GROUP LLC KW23,801 VINIAL STREET 3RD FLOOR,,PITTSBURGH,PA,15212,5781,6-6400-570241,6,Kenneth P. Dietrich School of Arts and Sciences,6400,570241,WILSON GROUP LLC KW23,801 VINIAL STREET 3RD FLOOR,,PITTSBURGH,PA,15212,17344,11563
6,Kenneth P. Dietrich School of Arts and Sciences,7000,503194,CWM ENVIRONMENTAL INC,11931 STATE ROUTE 85,SUITE C,KITTANNING,PA,16201,2044,6-7000-503194,6,Kenneth P. Dietrich School of Arts and Sciences,7000,503194,CWM ENVIRONMENTAL INC,11931 STATE ROUTE 85,SUITE C,KITTANNING,PA,16201,3173,1129
6,Kenneth P. Dietrich School of Arts and Sciences,7100,103113,CULLIGAN WATER CONDITIONING,1502 INDUSTRIAL DR,,ERIE,PA,16505,5520,6-7100-103113,6,Kenneth P. Dietrich School of Arts and Sciences,7100,103113,CULLIGAN WATER CONDITIONING,1502 INDUSTRIAL DR,,ERIE,PA,16505,6860,1340
6,Kenneth P. Dietrich School of Arts and Sciences,7400,102005,CAMBRIDGE ISOTOPE LABS INC,50 FRONTAGE ROAD,,ANDOVER,MA,01810,17392,6-7400-102005,6,Kenneth P. Dietrich School of Arts and Sciences,7400,102005,CAMBRIDGE ISOTOPE LABS INC,50 FRONTAGE ROAD,,ANDOVER,MA,01810,17524,132
6,Kenneth P. Dietrich School of Arts and Sciences,7400,248635,GRAINGER,3750 BROOKSIDE PKWY,STE 260,ALPHARETTA,GA,30022-1433,1962,6-7400-248635,6,Kenneth P. Dietrich School of Arts and Sciences,7400,248635,GRAINGER,3750 BROOKSIDE PKWY,STE 260,ALPHARETTA,GA,30022-1433,2140,178
6,Kenneth P. Dietrich School of Arts and Sciences,7400,274007,VWR INTERNATIONAL,405 HERON DRIVE,,BRIDGEPORT,NJ,08014,24518,6-7400-274007,6,Kenneth P. Dietrich School of Arts and Sciences,7400,274007,VWR INTERNATIONAL,405 HERON DRIVE,,BRIDGEPORT,NJ,08014,25227,709
10,SVC and Provost,6000,100877,APPLE COMPUTER INC,PO BOX 281877,,ATLANTA,GA,30384-1877,30391,10-6000-100877,10,SVC and Provost,6000,100877,APPLE COMPUTER INC,PO BOX 281877,,ATLANTA,GA,30384-1877,31353,962
10,SVC and Provost,6000,341386,DITTO DOCUMENT SOLUTIONS,610 SMITHFIELD ST,SUITE 200,PITTSBURGH,PA,15222,3857,10-6000-341386,10,SVC and Provost,6000,341386,DITTO DOCUMENT SOLUTIONS,610 SMITHFIELD ST,SUITE 200,PITTSBURGH,PA,15222,9357,5500
10,SVC and Provost,6000,521322,SUPRA OFFICE SOLUTIONS INC,PO BOX 201,,BALA CYNWYD,PA,19004,11182,10-6000-521322,10,SVC and Provost,6000,521322,SUPRA OFFICE SOLUTIONS INC,PO BOX 201,,BALA CYNWYD,PA,19004,11253,71
10,SVC and Provost,6000,615386,PEOPLEGROVE INC,PO BOX 207729,,DALLAS,TX,75320-7729,2500,10-6000-615386,10,SVC and Provost,6000,615386,PEOPLEGROVE INC,PO BOX 207729,,DALLAS,TX,75320-7729,92500,90000
10,SVC and Provost,6400,182305,NRCCUA,75 REMITTANCE DR,DEPT 1020,CHICAGO,IL,60675-1020,20334,10-6400-182305,10,SVC and Provost,6400,182305,NRCCUA,75 REMITTANCE DR,DEPT 1020,CHICAGO,IL,60675-1020,26142,5808
10,SVC and Provost,6400,409349,BEACON HILL STAFFING GROUP LLC,152 BOWDOIN STREET,,BOSTON,MA,02108,63000,10-6400-409349,10,SVC and Provost,6400,409349,BEACON HILL STAFFING GROUP LLC,152 BOWDOIN STREET,,BOSTON,MA,02108,115125,52125
10,SVC and Provost,6400,620283,EAB,PO BOX 603519,,CHARLOTTE,NC,28260-3519,509091,10-6400-620283,10,SVC and Provost,6400,620283,EAB,PO BOX 603519,,CHARLOTTE,NC,28260-3519,639141,130050
10,SVC and Provost,6400,671048,CYAN CREATIVE LLC,PO BOX 723,,NIXA,MO,65714,29194,10-6400-671048,10,SVC and Provost,6400,671048,CYAN CREATIVE LLC,PO BOX 723,,NIXA,MO,65714,105747,76553
10,SVC and Provost,6400,673489,MEDIACROSS INC,2001 S HANLEY RD,STE 510,SAINT LOUIS,MO,63144,54683,10-6400-673489,10,SVC and Provost,6400,673489,MEDIACROSS INC,2001 S HANLEY RD,STE 510,SAINT LOUIS,MO,63144,514605,459922
10,SVC and Provost,6700,113479,UNITED STATES POSTAL SERVICE,3900 CROWN ROAD,RM 126,ATLANTA,PA,30304-9651,200000,10-6700-113479,10,SVC and Provost,6700,113479,UNITED STATES POSTAL SERVICE,3900 CROWN ROAD,RM 126,ATLANTA,PA,30304-9651,300000,100000
15,College of General Studies,6400,664027,YOGA U PGH LLC,3608 FORBES AVE,,PITTSBURGH,PA,15213,1950,15-6400-664027,15,College of General Studies,6400,664027,YOGA U PGH LLC,3608 FORBES AVE,,PITTSBURGH,PA,15213,3850,1900
20,Honors College,6000,100877,APPLE COMPUTER INC,PO BOX 281877,,ATLANTA,GA,30384-1877,2886,20-6000-100877,20,Honors College,6000,100877,APPLE COMPUTER INC,PO BOX 281877,,ATLANTA,GA,30384-1877,7644,4758
20,Honors College,6000,103356,DELL MARKETING LP,DEPT AT 40275,,ATLANTA,GA,31192-0001,8003,20-6000-103356,20,Honors College,6000,103356,DELL MARKETING LP,DEPT AT 40275,,ATLANTA,GA,31192-0001,9047,1044
21,Katz Graduate School of Business,6000,103356,DELL MARKETING LP,DEPT AT 40275,,ATLANTA,GA,31192-0001,76242,21-6000-103356,21,Katz Graduate School of Business,6000,103356,DELL MARKETING LP,DEPT AT 40275,,ATLANTA,GA,31192-0001,79026,2784
21,Katz Graduate School of Business,6000,216036,VAULT.COM INC,PO BOX 809205,INFOBASE,CHICAGO,IL,60680-9201,1642,21-6000-216036,21,Katz Graduate School of Business,6000,216036,VAULT.COM INC,PO BOX 809205,INFOBASE,CHICAGO,IL,60680-9201,4926,3284
22,School of Education,6400,500751,INRESONANCE,32 INDUSTRIAL DRIVE EAST,SUITE 1,NORTHAMPTON,MA,01060,66747,22-6400-500751,22,School of Education,6400,500751,INRESONANCE,PO BOX 122145,DEPT 2145,DALLAS,TX,75312-2145,64907,-1840
22,School of Education,6900,412510,PITTSBURGH PUBLIC SCHOOL DISTRICT,FOOD SERVICE,8 S. 13TH STREET,PITTSBURGH,PA,15203,6500,22-6900-412510,22,School of Education,6900,412510,PITTSBURGH PUBLIC SCHOOL DISTRICT,FOOD SERVICE,8 S. 13TH STREET,PITTSBURGH,PA,15203,19500,13000
23,Swanson School of Engineering,6000,100877,APPLE COMPUTER INC,PO BOX 281877,,ATLANTA,GA,30384-1877,49246,23-6000-100877,23,Swanson School of Engineering,6000,100877,APPLE COMPUTER INC,PO BOX 281877,,ATLANTA,GA,30384-1877,50702,1456
23,Swanson School of Engineering,6000,103356,DELL MARKETING LP,DEPT AT 40275,,ATLANTA,GA,31192-0001,142067,23-6000-103356,23,Swanson School of Engineering,6000,103356,DELL MARKETING LP,DEPT AT 40275,,ATLANTA,GA,31192-0001,146837,4770
23,Swanson School of Engineering,6000,248635,GRAINGER,3750 BROOKSIDE PKWY,STE 260,ALPHARETTA,GA,30022-1433,8851,23-6000-248635,23,Swanson School of Engineering,6000,248635,GRAINGER,3750 BROOKSIDE PKWY,STE 260,ALPHARETTA,GA,30022-1433,8912,61
23,Swanson School of Engineering,6000,416311,SPRINGSHARE LLC,31 GREYLOCK DRIVE,,GANSEVOORT,NY,12831,1430,23-6000-416311,23,Swanson School of Engineering,6000,416311,SPRINGSHARE LLC,31 GREYLOCK DRIVE,,GANSEVOORT,NY,12831,6618,5188
23,Swanson School of Engineering,6400,109296,"PLANTSCAPE, INC",3101 LIBERTY AVE,,PITTSBURGH,PA,15201,1589,23-6400-109296,23,Swanson School of Engineering,6400,109296,"PLANTSCAPE, INC",3101 LIBERTY AVE,,PITTSBURGH,PA,15201,1738,149
23,Swanson School of Engineering,6400,558135,AWESOME FILMS LLC,2653 GLOUCESTER DRIVE,,PITTSBURGH,PA,15241,7742,23-6400-558135,23,Swanson School of Engineering,6400,558135,AWESOME FILMS LLC,2653 GLOUCESTER DRIVE,,PITTSBURGH,PA,15241,14372,6630
23,Swanson School of Engineering,6400,600699,ONLY CONNECT CONSULTING INC,3 BETHESDA METRO CENTER,STE 700,BETHESDA,MD,20814,55580,23-6400-600699,23,Swanson School of Engineering,6400,600699,ONLY CONNECT CONSULTING INC,3 BETHESDA METRO CENTER,STE 700,BETHESDA,MD,20814,55743,163
23,Swanson School of Engineering,7100,479212,EMD MILLIPORE CORP,80 ASHLY ROAD,,BEDFORD,MA,01730-0000,9362,23-7100-479212,23,Swanson School of Engineering,7100,479212,EMD MILLIPORE CORP,80 ASHLY ROAD,,BEDFORD,MA,01730-0000,10660,1298
25,Graduate School of Public & International Affairs,6000,100877,APPLE COMPUTER INC,PO BOX 281877,,ATLANTA,GA,30384-1877,6026,25-6000-100877,25,Graduate School of Public & International Affairs,6000,100877,APPLE COMPUTER INC,PO BOX 281877,,ATLANTA,GA,30384-1877,7120,1094
25,Graduate School of Public & International Affairs,7300,679120,WASHINGTON REAL ESTATE INVESTMENT TRUST,1775 EYE STREET NW,SUITE 1000,WASHINGTON,DC,20006,33044,25-7300-679120,25,Graduate School of Public & International Affairs,7300,679120,WASHINGTON REAL ESTATE INVESTMENT TRUST,1775 EYE STREET NW,SUITE 1000,WASHINGTON,DC,20006,43985,10941
30,SVC Health Sciences,6400,635591,"MENDELSON, ROBERT C",1360 DENNISTON AVE,,PITTSBURGH,PA,15217,13332,30-6400-635591,30,SVC Health Sciences,6400,635591,"MENDELSON, ROBERT C",1360 DENNISTON AVE,,PITTSBURGH,PA,15217,19998,6666
30,SVC Health Sciences,6500,109931,RITTENHOUSE BOOK DISTRIBUTORS INC,PO BOX 896842,,CHARLOTTE,NC,28289-6842,20934,30-6500-109931,30,SVC Health Sciences,6500,109931,RITTENHOUSE BOOK DISTRIBUTORS INC,PO BOX 896842,,CHARLOTTE,NC,28289-6842,21472,538
30,SVC Health Sciences,6500,511383,MCGRAW-HILL EDUCATION INC,LOCKBOX 71545,,CHICAGO,IL,60694-1545,165449,30-6500-511383,30,SVC Health Sciences,6500,511383,MCGRAW-HILL EDUCATION INC,LOCKBOX 71545,,CHICAGO,IL,60694-1545,216347,50898
31,School of Dental Medicine,6000,120268,AMD MEDICOM INC,4049 ALLEN STATION ROAD,,AUGUSTA,GA,30906,14107,31-6000-120268,31,School of Dental Medicine,6000,120268,AMD MEDICOM INC,4049 ALLEN STATION ROAD,,AUGUSTA,GA,30906,15195,1088
31,School of Dental Medicine,6000,148930,IMAGEFIRST,PO BOX 61323,,KING OF PRUSSIA,PA,19406,28506,31-6000-148930,31,School of Dental Medicine,6000,148930,IMAGEFIRST,PO BOX 61323,,KING OF PRUSSIA,PA,19406,32999,4493
31,School of Dental Medicine,6000,376590,COMCAST,P.O. BOX 105184,,ATLANTA,GA,30348-5184,1163,31-6000-376590,31,School of Dental Medicine,6000,376590,COMCAST,P.O. BOX 105184,,ATLANTA,GA,30348-5184,1622,459
31,School of Dental Medicine,6000,694231,MAVERIC MEDICAL LLC,24619 WASHINGTON AVE.,STE 201,MURRIETA,CA,,30960,31-6000-694231,31,School of Dental Medicine,6000,694231,MAVERIC MEDICAL LLC,24619 WASHINGTON AVE.,STE 201,MURRIETA,CA,,61920,30960
31,School of Dental Medicine,7100,643100,BRIDGESIDE PITT LLC,PO BOX 603812,,CHARLOTTE,NC,28260-3812,1343,31-7100-643100,31,School of Dental Medicine,7100,643100,BRIDGESIDE PITT LLC,PO BOX 603812,,CHARLOTTE,NC,28260-3812,1469,126
31,School of Dental Medicine,7300,643100,BRIDGESIDE PITT LLC,PO BOX 603812,,CHARLOTTE,NC,28260-3812,532442,31-7300-643100,31,School of Dental Medicine,7300,643100,BRIDGESIDE PITT LLC,PO BOX 603812,,CHARLOTTE,NC,28260-3812,532942,500
34,Graduate School of Public Health,6000,100877,APPLE COMPUTER INC,PO BOX 281877,,ATLANTA,GA,30384-1877,26769,34-6000-100877,34,Graduate School of Public Health,6000,100877,APPLE COMPUTER INC,PO BOX 281877,,ATLANTA,GA,30384-1877,27367,598
35,School of Medicine,6000,100877,APPLE COMPUTER INC,PO BOX 281877,,ATLANTA,GA,30384-1877,158086,35-6000-100877,35,School of Medicine,6000,100877,APPLE COMPUTER INC,PO BOX 281877,,ATLANTA,GA,30384-1877,183464,25378
35,School of Medicine,6000,103356,DELL MARKETING LP,DEPT AT 40275,,ATLANTA,GA,31192-0001,249569,35-6000-103356,35,School of Medicine,6000,103356,DELL MARKETING LP,DEPT AT 40275,,ATLANTA,GA,31192-0001,251116,1547
35,School of Medicine,6000,304378,MXR IMAGING INC,PO BOX 403209,,ATLANTA,GA,30384-3209,5507,35-6000-304378,35,School of Medicine,6000,304378,MXR IMAGING INC,PO BOX 403209,,ATLANTA,GA,30384-3209,6019,512
35,School of Medicine,6000,392043,SIEMENS HEALTHCARE DIAGNOSTICS INC,PO BOX 406729,,ATLANTA,GA,30384-6729,2514,35-6000-392043,35,School of Medicine,6000,392043,SIEMENS HEALTHCARE DIAGNOSTICS INC,PO BOX 406729,,ATLANTA,GA,30384-6729,6681,4167
35,School of Medicine,6400,102247,CENTER FOR EMERGENCY MEDICINE OF WESTERN,"230 MCKEE PLACE, SUITE 500",,PITTSBURGH,PA,15213,13519,35-6400-102247,35,School of Medicine,6400,102247,CENTER FOR EMERGENCY MEDICINE OF WESTERN,"230 MCKEE PLACE, SUITE 500",,PITTSBURGH,PA,15213,34279,20760
35,School of Medicine,6400,105477,HUMANITY GIFTS REGISTRY,PO BOX 835,,PHILADELPHIA,PA,19105-0835,24200,35-6400-105477,35,School of Medicine,6400,105477,HUMANITY GIFTS REGISTRY,PO BOX 835,,PHILADELPHIA,PA,19105-0835,30800,6600
35,School of Medicine,7100,100897,AQUA FILTER FRESH INC,PO BOX 14128,,PITTSBURGH,PA,15239-0128,10049,35-7100-100897,35,School of Medicine,7100,100897,AQUA FILTER FRESH INC,PO BOX 14128,,PITTSBURGH,PA,15239-0128,4213,-5836
35,School of Medicine,7100,304378,MXR IMAGING INC,PO BOX 403209,,ATLANTA,GA,30384-3209,4498,35-7100-304378,35,School of Medicine,7100,304378,MXR IMAGING INC,PO BOX 403209,,ATLANTA,GA,30384-3209,5272,774
35,School of Medicine,7100,349758,SPECIALTY UNDERWRITERS LLC,PO BOX 78075,,MILWAUKEE,WI,53278-0075,376644,35-7100-349758,35,School of Medicine,7100,349758,SPECIALTY UNDERWRITERS LLC,PO BOX 78075,,MILWAUKEE,WI,53278-0075,428698,52054
35,School of Medicine,7300,520861,BAUM BOULEVARD GROUND LLC,5607 BAUM BOULEVARD,,PITTSBURGH,PA,15206,1016878,35-7300-520861,35,School of Medicine,7300,520861,BAUM BOULEVARD GROUND LLC,5607 BAUM BOULEVARD,,PITTSBURGH,PA,15206,1355273,338395
35,School of Medicine,7300,628808,3609 FORBES OAKLAND PARTNERS LP,3609 FORBES AVE 2ND FL,,PITTSBURGH,PA,15213,193290,35-7300-628808,35,School of Medicine,7300,628808,3609 FORBES OAKLAND PARTNERS LP,3609 FORBES AVE 2ND FL,,PITTSBURGH,PA,15213,225505,32215
35,School of Medicine,7300,643100,BRIDGESIDE PITT LLC,PO BOX 603812,,CHARLOTTE,NC,28260-3812,1161046,35-7300-643100,35,School of Medicine,7300,643100,BRIDGESIDE PITT LLC,PO BOX 603812,,CHARLOTTE,NC,28260-3812,1240369,79323
39,School of Health & Rehabilitation Sciences,6000,103356,DELL MARKETING LP,DEPT AT 40275,,ATLANTA,GA,31192-0001,59563,39-6000-103356,39,School of Health & Rehabilitation Sciences,6000,103356,DELL MARKETING LP,DEPT AT 40275,,ATLANTA,GA,31192-0001,60937,1374
39,School of Health & Rehabilitation Sciences,6000,104384,FRANKLIN INTERIORS,PO BOX 6107,,HERMITAGE,PA,16148-0923,76359,39-6000-104384,39,School of Health & Rehabilitation Sciences,6000,104384,FRANKLIN INTERIORS,PO BOX 6107,,HERMITAGE,PA,16148-0923,76933,574
39,School of Health & Rehabilitation Sciences,6000,248635,GRAINGER,3750 BROOKSIDE PKWY,STE 260,ALPHARETTA,GA,30022-1433,7018,39-6000-248635,39,School of Health & Rehabilitation Sciences,6000,248635,GRAINGER,3750 BROOKSIDE PKWY,STE 260,ALPHARETTA,GA,30022-1433,7624,606
39,School of Health & Rehabilitation Sciences,6000,563002,MPCH DONNA MAGUIRE,2600 HENDERSON RD,,WHITE OAK,PA,15131,4216,39-6000-563002,39,School of Health & Rehabilitation Sciences,6000,563002,MPCH DONNA MAGUIRE,2600 HENDERSON RD,,WHITE OAK,PA,15131,6916,2700
39,School of Health & Rehabilitation Sciences,6400,228900,UPMC,UPMC ALTOONA,PO BOX 382059,PITTSBURGH,PA,15250-8059,71850,39-6400-228900,39,School of Health & Rehabilitation Sciences,6400,228900,UPMC,UPMC ALTOONA,PO BOX 382059,PITTSBURGH,PA,15250-8059,76650,4800
39,School of Health & Rehabilitation Sciences,6400,621757,"HICKMAN, KEVIN ALBERT",541 DORCHESTER DR,,SEVEN FIELDS,PA,16046,1200,39-6400-621757,39,School of Health & Rehabilitation Sciences,6400,621757,"HICKMAN, KEVIN ALBERT",541 DORCHESTER DR,,SEVEN FIELDS,PA,16046,1560,360
39,School of Health & Rehabilitation Sciences,6400,673777,"BAUDER, EMILY",209 FOUNDATION DR,,CRANBERRY TWP,PA,16066,1418,39-6400-673777,39,School of Health & Rehabilitation Sciences,6400,673777,"BAUDER, EMILY",209 FOUNDATION DR,,CRANBERRY TWP,PA,16066,1498,80
39,School of Health & Rehabilitation Sciences,6400,678818,"GROBE, ASHLEY",107 LANG COURT,,PGH,PA,,1480,39-6400-678818,39,School of Health & Rehabilitation Sciences,6400,678818,"GROBE, ASHLEY",107 LANG COURT,,PGH,PA,,2440,960
39,School of Health & Rehabilitation Sciences,6400,685312,"STORINO, GABRIELLE",1232 BILTMORE AVE,,PITTSBURGH,PA,15216,1438,39-6400-685312,39,School of Health & Rehabilitation Sciences,6400,685312,"STORINO, GABRIELLE",1232 BILTMORE AVE,,PITTSBURGH,PA,15216,1878,440
39,School of Health & Rehabilitation Sciences,7100,643100,BRIDGESIDE PITT LLC,PO BOX 603812,,CHARLOTTE,NC,28260-3812,3752,39-7100-643100,39,School of Health & Rehabilitation Sciences,7100,643100,BRIDGESIDE PITT LLC,PO BOX 603812,,CHARLOTTE,NC,28260-3812,4082,330
39,School of Health & Rehabilitation Sciences,7300,643100,BRIDGESIDE PITT LLC,PO BOX 603812,,CHARLOTTE,NC,28260-3812,761377,39-7300-643100,39,School of Health & Rehabilitation Sciences,7300,643100,BRIDGESIDE PITT LLC,PO BOX 603812,,CHARLOTTE,NC,28260-3812,891895,130518
41,Johnstown Campus,6000,248635,GRAINGER,3750 BROOKSIDE PKWY,STE 260,ALPHARETTA,GA,30022-1433,125244,41-6000-248635,41,Johnstown Campus,6000,248635,GRAINGER,3750 BROOKSIDE PKWY,STE 260,ALPHARETTA,GA,30022-1433,125297,53
41,Johnstown Campus,6400,157689,RPM SIGNS,624 LAMBERD AVE,,JOHNSTOWN,PA,15904,2450,41-6400-157689,41,Johnstown Campus,6400,157689,RPM SIGNS,624 LAMBERD AVE,,JOHNSTOWN,PA,15904,9385,6935
41,Johnstown Campus,6400,169104,CHARTWELLS DINING SERVICES,C/O COMPASS GROUP USA,PO BOX 417632,BOSTON,MA,02241-7632,3320554,41-6400-169104,41,Johnstown Campus,6400,169104,CHARTWELLS DINING SERVICES,C/O COMPASS GROUP USA,PO BOX 417632,BOSTON,MA,02241-7632,3326515,5961
41,Johnstown Campus,6400,183094,CAM-RON VIDEO PRODUCTIONS LLC,301 EVERETT LANE,,BARNESBORO,PA,15714,2150,41-6400-183094,41,Johnstown Campus,6400,183094,CAM-RON VIDEO PRODUCTIONS LLC,301 EVERETT LANE,,BARNESBORO,PA,15714,5650,3500
41,Johnstown Campus,6400,675486,BRIDGEPERSPECTIVE LLC,213 FREEMAN DR,,JOHNSTOWN,PA,15904,3300,41-6400-675486,41,Johnstown Campus,6400,675486,BRIDGEPERSPECTIVE LLC,213 FREEMAN DR,,JOHNSTOWN,PA,15904,3875,575
41,Johnstown Campus,6400,696979,ST GEORGES LAB LLC,88 OSBORNE ST,,JOHNSTOWN,PA,15905,7650,41-6400-696979,41,Johnstown Campus,6400,696979,ST GEORGES LAB LLC,88 OSBORNE ST,,JOHNSTOWN,PA,15905,18750,11100
41,Johnstown Campus,7000,271651,PENELEC,PO BOX 3687,,AKRON,OH,44309-3687,1001276,41-7000-271651,41,Johnstown Campus,7000,271651,PENELEC,PO BOX 3687,,AKRON,OH,44309-3687,1001221,-55
41,Johnstown Campus,7100,390128,PENSTAN SUPPLY,850 HORNER STREET,,JOHNSTOWN,PA,15902,24273,41-7100-390128,41,Johnstown Campus,7100,390128,PENSTAN SUPPLY,850 HORNER STREET,,JOHNSTOWN,PA,15902,24085,-188
42,Greensburg Campus,6000,248635,GRAINGER,3750 BROOKSIDE PKWY,STE 260,ALPHARETTA,GA,30022-1433,33901,42-6000-248635,42,Greensburg Campus,6000,248635,GRAINGER,3750 BROOKSIDE PKWY,STE 260,ALPHARETTA,GA,30022-1433,33969,68
42,Greensburg Campus,6400,169104,CHARTWELLS DINING SERVICES,C/O COMPASS GROUP USA,PO BOX 417632,BOSTON,MA,02241-7632,1056824,42-6400-169104,42,Greensburg Campus,6400,169104,CHARTWELLS DINING SERVICES,C/O COMPASS GROUP USA,PO BOX 417632,BOSTON,MA,02241-7632,1153195,96371
44,Bradford Campus,6000,311515,BISETT BUILDING CENTER,PO BOX 196,,BRADFORD,PA,16701,4911,44-6000-311515,44,Bradford Campus,6000,311515,BISETT BUILDING CENTER,PO BOX 196,,BRADFORD,PA,16701,4888,-23
44,Bradford Campus,6400,103356,DELL MARKETING LP,DEPT AT 40275,,ATLANTA,GA,31192-0001,4897,44-6400-103356,44,Bradford Campus,6400,103356,DELL MARKETING LP,DEPT AT 40275,,ATLANTA,GA,31192-0001,16669,11772
44,Bradford Campus,6400,185133,CDW GOVERNMENT INC,75 REMITTANCE DR,SUITE 1515,CHICAGO,IL,60675-1515,6629,44-6400-185133,44,Bradford Campus,6400,185133,CDW GOVERNMENT INC,75 REMITTANCE DR,SUITE 1515,CHICAGO,IL,60675-1515,53328,46699
44,Bradford Campus,6400,327024,METZ CULINARY MANAGEMENT,UNIVERSITY OF PITTSBURGH BRADFORD,300 CAMPUS DR,BRADFORD,PA,16701,1437159,44-6400-327024,44,Bradford Campus,6400,327024,METZ CULINARY MANAGEMENT,UNIVERSITY OF PITTSBURGH BRADFORD,300 CAMPUS DR,BRADFORD,PA,16701,1668764,231605
44,Bradford Campus,6400,383834,BRADFORD FAMILY MEDICINE INC,14 NORTH THIRD ST,,BRADFORD,PA,16701,1250,44-6400-383834,44,Bradford Campus,6400,383834,BRADFORD FAMILY MEDICINE INC,14 NORTH THIRD ST,,BRADFORD,PA,16701,1550,300
44,Bradford Campus,6400,665200,TRANSACT CAMPUS INC,BLACKBOARD INC,PO BOX 200154,PITTSBURGH,PA,15251-0154,23953,44-6400-665200,44,Bradford Campus,6400,665200,TRANSACT CAMPUS INC,BLACKBOARD INC,PO BOX 200154,PITTSBURGH,PA,15251-0154,49035,25082
54,Office of University Counsel,6000,584361,ADAPTIVE SOLUTIONS INC,PO BOX 99,,FAIR PLAY,SC,29643,34800,54-6000-584361,54,Office of University Counsel,6000,584361,ADAPTIVE SOLUTIONS INC,PO BOX 99,,FAIR PLAY,SC,29643,43200,8400
54,Office of University Counsel,6400,145809,MARCUS & SHAPIRA LLP,ONE OXFORD CENTRE-35TH FLOOR,301 GRANT STREET,PITTSBURGH,PA,15219-6401,870176,54-6400-145809,54,Office of University Counsel,6400,145809,MARCUS & SHAPIRA LLP,ONE OXFORD CENTRE-35TH FLOOR,301 GRANT STREET,PITTSBURGH,PA,15219-6401,920054,49878
54,Office of University Counsel,6400,689889,CONVERCENT INC,3858 WALNUT ST #255,,DENVER,CO,80205,41590,54-6400-689889,54,Office of University Counsel,6400,689889,CONVERCENT INC,3858 WALNUT ST #255,,DENVER,CO,80205,55168,13578
55,UPMC Hillman Cancer Center,6000,100877,APPLE COMPUTER INC,PO BOX 281877,,ATLANTA,GA,30384-1877,58192,55-6000-100877,55,UPMC Hillman Cancer Center,6000,100877,APPLE COMPUTER INC,PO BOX 281877,,ATLANTA,GA,30384-1877,64246,6054
55,UPMC Hillman Cancer Center,6000,103356,DELL MARKETING LP,DEPT AT 40275,,ATLANTA,GA,31192-0001,4904,55-6000-103356,55,UPMC Hillman Cancer Center,6000,103356,DELL MARKETING LP,DEPT AT 40275,,ATLANTA,GA,31192-0001,5096,192
55,UPMC Hillman Cancer Center,6000,274007,VWR INTERNATIONAL,405 HERON DRIVE,,BRIDGEPORT,NJ,08014,299309,55-6000-274007,55,UPMC Hillman Cancer Center,6000,274007,VWR INTERNATIONAL,405 HERON DRIVE,,BRIDGEPORT,NJ,08014,379587,80278
55,UPMC Hillman Cancer Center,6000,277999,GENEWIZ LLC,PO BOX 3865,,CAROL STREAM,IL,60132-3865,13500,55-6000-277999,55,UPMC Hillman Cancer Center,6000,277999,GENEWIZ LLC,PO BOX 3865,,CAROL STREAM,IL,60132-3865,14221,721
55,UPMC Hillman Cancer Center,6000,384237,DE NOVO SOFTWARE INC,"400 NORTH BRAND BLVD, SUITE 850",,GLENDALE,CA,91203,2332,55-6000-384237,55,UPMC Hillman Cancer Center,6000,384237,DE NOVO SOFTWARE INC,"400 NORTH BRAND BLVD, SUITE 850",,GLENDALE,CA,91203,6996,4664
55,UPMC Hillman Cancer Center,6400,235974,"GUPTA, RAJNISH",1369 ROYAL OAK RD,,PITTSBURGH,PA,15220,87500,55-6400-235974,55,UPMC Hillman Cancer Center,6400,235974,"GUPTA, RAJNISH",1369 ROYAL OAK RD,,PITTSBURGH,PA,15220,162500,75000
55,UPMC Hillman Cancer Center,7135,650991,CURTIS BAY MEDICAL WASTE SERVICES,PO BOX 65047,,BALTIMORE,MD,21264-5047,88801,55-7135-650991,55,UPMC Hillman Cancer Center,7135,650991,CURTIS BAY MEDICAL WASTE SERVICES,PO BOX 65047,,BALTIMORE,MD,21264-5047,130483,41682
55,UPMC Hillman Cancer Center,7300,206918,STERLING LAND CO,4609 BAYARD STREET,,PITTSBURGH,PA,15213,900754,55-7300-206918,55,UPMC Hillman Cancer Center,7300,206918,STERLING LAND CO,4609 BAYARD STREET,,PITTSBURGH,PA,15213,1053006,152252
56,SVC Philanthropic and Alumni Engagement,6000,103356,DELL MARKETING LP,DEPT AT 40275,,ATLANTA,GA,31192-0001,15700,56-6000-103356,56,SVC Philanthropic and Alumni Engagement,6000,103356,DELL MARKETING LP,DEPT AT 40275,,ATLANTA,GA,31192-0001,17150,1450
56,SVC Philanthropic and Alumni Engagement,6400,582337,DAVINCI DIRECT INC,36 CORDAGE PARK CIRCLE SUITE 339,,PLYMOUTH,MA,02360,328077,56-6400-582337,56,SVC Philanthropic and Alumni Engagement,6400,582337,DAVINCI DIRECT INC,36 CORDAGE PARK CIRCLE SUITE 339,,PLYMOUTH,MA,02360,518668,190591
56,SVC Philanthropic and Alumni Engagement,7300,121976,WEBSTER HALL PLAZA ASSOCS,NDC REAL ESTATE MANAGEMENT INC,4415 5TH AVE,PITTSBURGH,PA,15213,142537,56-7300-121976,56,SVC Philanthropic and Alumni Engagement,7300,121976,WEBSTER HALL PLAZA ASSOCS,NDC REAL ESTATE MANAGEMENT INC,4415 5TH AVE,PITTSBURGH,PA,15213,160632,18095
60,Libraries,6400,108620,OTTO HARRASSOWITZ,POSTFACH 2929,,WIESBADEN,,65019,1274,60-6400-108620,60,Libraries,6400,108620,OTTO HARRASSOWITZ,POSTFACH 2929,,WIESBADEN,,65019,1375,101
60,Libraries,6400,213019,YBP LIBRARY SERVICES,P O BOX 277991,,ATLANTA,GA,30384-7991,15064,60-6400-213019,60,Libraries,6400,213019,YBP LIBRARY SERVICES,P O BOX 277991,,ATLANTA,GA,30384-7991,81075,66011
60,Libraries,6400,690047,FREE JOURNAL NETWORK,710 N PLEASANT ST,C/O MARK WILSON,AMHERST,MA,01003,10000,60-6400-690047,60,Libraries,6400,690047,FREE JOURNAL NETWORK,710 N PLEASANT ST,C/O MARK WILSON,AMHERST,MA,01003,30000,20000
60,Libraries,6500,108557,OPTICAL SOCIETY OF AMERICA,MEMBER SERVICES DEPT,PO BOX 1976,BALTIMORE,MD,21298-8329,22187,60-6500-108557,60,Libraries,6500,108557,OPTICAL SOCIETY OF AMERICA,MEMBER SERVICES DEPT,PO BOX 1976,BALTIMORE,MD,21298-8329,66561,44374
60,Libraries,6500,647822,AMAZON CAPITAL SERVICES INC,410 TERRY AVE NORTH,,SEATTLE,WA,98109,15089,60-6500-647822,60,Libraries,6500,647822,AMAZON CAPITAL SERVICES INC,410 TERRY AVE NORTH,,SEATTLE,WA,98109,15269,180
61,Pitt Information Technology,6000,154166,ANIXTER INC,PO BOX 98908,,CHICAGO,IL,60693-8908,140552,61-6000-154166,61,Pitt Information Technology,6000,154166,ANIXTER INC,PO BOX 98908,,CHICAGO,IL,60693-8908,147652,7100
61,Pitt Information Technology,6400,118036,INTERNET2,PO BOX 7855,,ANN ARBOR,MI,48107,255375,61-6400-118036,61,Pitt Information Technology,6400,118036,INTERNET2,PO BOX 7855,,ANN ARBOR,MI,48107,335375,80000
61,Pitt Information Technology,6400,381792,PANOPTO INC,PO BOX 1508,,BEAVER FALLS,PA,15010,6000,61-6400-381792,61,Pitt Information Technology,6400,381792,PANOPTO INC,PO BOX 1508,,BEAVER FALLS,PA,15010,12000,6000
61,Pitt Information Technology,6400,389628,JK BIRD INC,526 S 4TH STREET,,MIDLOTHIAN,TX,76065,208406,61-6400-389628,61,Pitt Information Technology,6400,389628,JK BIRD INC,526 S 4TH STREET,,MIDLOTHIAN,TX,76065,232844,24438
61,Pitt Information Technology,6400,409349,BEACON HILL STAFFING GROUP LLC,152 BOWDOIN STREET,,BOSTON,MA,02108,254800,61-6400-409349,61,Pitt Information Technology,6400,409349,BEACON HILL STAFFING GROUP LLC,152 BOWDOIN STREET,,BOSTON,MA,02108,265200,10400
61,Pitt Information Technology,6400,627990,CAMPAIGN MONITOR PTY LTD,330 COLLINS ST,CENTRE LEVEL 2,MELBOURNE,,3000,57178,61-6400-627990,61,Pitt Information Technology,6400,627990,CAMPAIGN MONITOR PTY LTD,330 COLLINS ST,CENTRE LEVEL 2,MELBOURNE,,3000,171534,114356
61,Pitt Information Technology,7400,154166,ANIXTER INC,PO BOX 98908,,CHICAGO,IL,60693-8908,95164,61-7400-154166,61,Pitt Information Technology,7400,154166,ANIXTER INC,PO BOX 98908,,CHICAGO,IL,60693-8908,95668,504
61,Pitt Information Technology,7400,218736,VERIZON WIRELESS,PO BOX 64754,,BALTIMORE,MD,21264-4754,1355844,61-7400-218736,61,Pitt Information Technology,7400,218736,VERIZON WIRELESS,PO BOX 64754,,BALTIMORE,MD,21264-4754,1799424,443580
61,Pitt Information Technology,7400,288543,T MOBILE,PO BOX 742596,,CINCINNATI,OH,45274-2596,10739,61-7400-288543,61,Pitt Information Technology,7400,288543,T MOBILE,PO BOX 742596,,CINCINNATI,OH,45274-2596,12373,1634
61,Pitt Information Technology,7400,482143,COMCAST BUSINESS,ONE COMCAST CENTER 32ND FL,,PHILADELPHIA,PA,19103-2838,44006,61-7400-482143,61,Pitt Information Technology,7400,482143,COMCAST BUSINESS,ONE COMCAST CENTER 32ND FL,,PHILADELPHIA,PA,19103-2838,40233,-3773
61,Pitt Information Technology,7400,677490,TAIL INDUSTRIES INC,115 CHURCH AVE,,GLENSHAW,PA,15116,1794273,61-7400-677490,61,Pitt Information Technology,7400,677490,TAIL INDUSTRIES INC,115 CHURCH AVE,,GLENSHAW,PA,15116,2009947,215674
67,Facilities Management,6000,107557,MICROBAC LABORATORIES INC,4750 NAUTILUS CT SOUTH UNIT A,,BOULDER,CO,80301,1214,67-6000-107557,67,Facilities Management,6000,107557,MICROBAC LABORATORIES INC,4750 NAUTILUS CT SOUTH UNIT A,,BOULDER,CO,80301,1233,19
67,Facilities Management,6000,107838,MUELLER'S HARDWARE INC,526 E OHIO ST,,PITTSBURGH,PA,15212,25383,67-6000-107838,67,Facilities Management,6000,107838,MUELLER'S HARDWARE INC,526 E OHIO ST,,PITTSBURGH,PA,15212,28245,2862
67,Facilities Management,6000,159482,STEPHANY ASSOCIATES INC,1650 MAIN ST,,PITTSBURGH,PA,15215,3536,67-6000-159482,67,Facilities Management,6000,159482,STEPHANY ASSOCIATES INC,1650 MAIN ST,,PITTSBURGH,PA,15215,4010,474
67,Facilities Management,6000,211120,S&S PROCESSING INC,PO BOX 32,,ELLWOOD CITY,PA,16117-0000,10981,67-6000-211120,67,Facilities Management,6000,211120,S&S PROCESSING INC,PO BOX 32,,ELLWOOD CITY,PA,16117-0000,13597,2616
67,Facilities Management,6000,220450,HARRINGTON INDUSTRIAL PLASTICS INC,PO BOX 13346,,BALTIMORE,MD,21203,13983,67-6000-220450,67,Facilities Management,6000,220450,HARRINGTON INDUSTRIAL PLASTICS INC,PO BOX 13346,,BALTIMORE,MD,21203,17544,3561
67,Facilities Management,6000,248635,GRAINGER,3750 BROOKSIDE PKWY,STE 260,ALPHARETTA,GA,30022-1433,729516,67-6000-248635,67,Facilities Management,6000,248635,GRAINGER,3750 BROOKSIDE PKWY,STE 260,ALPHARETTA,GA,30022-1433,731904,2388
67,Facilities Management,6000,302762,INTERTECH SECURITY,519 EAST MAIN STREET,,CARNEGIE,PA,15106,4773,67-6000-302762,67,Facilities Management,6000,302762,INTERTECH SECURITY,519 EAST MAIN STREET,,CARNEGIE,PA,15106,10523,5750
67,Facilities Management,6000,557023,INTERIOR SUPPLY INC,27635 NETWORK PLACE,,CHICAGO,IL,60673-1276,3643,67-6000-557023,67,Facilities Management,6000,557023,INTERIOR SUPPLY INC,27635 NETWORK PLACE,,CHICAGO,IL,60673-1276,3863,220
67,Facilities Management,6400,347715,TMA SYSTEMS LLC,PO BOX 2324,,OKLAHOMA CITY,OK,73101,14250,67-6400-347715,67,Facilities Management,6400,347715,TMA SYSTEMS LLC,PO BOX 2324,,OKLAHOMA CITY,OK,73101,15750,1500
67,Facilities Management,6400,433636,AUTOMATED LOGIC - PENNSYLVANIA,ALC PENNSYLVANIA,LOCKBOX 742630,ATLANTA,GA,30374-2630,2673,67-6400-433636,67,Facilities Management,6400,433636,AUTOMATED LOGIC - PENNSYLVANIA,ALC PENNSYLVANIA,LOCKBOX 742630,ATLANTA,GA,30374-2630,16674,14001
67,Facilities Management,7000,103658,DUQUESNE LIGHT COMPANY,PO BOX 830012,,BALTIMORE,MD,21283-0012,23831022,67-7000-103658,67,Facilities Management,7000,103658,DUQUESNE LIGHT COMPANY,PO BOX 830012,,BALTIMORE,MD,21283-0012,24578216,747194
67,Facilities Management,7000,528336,"UGI ENERGY SERVICES, LLC",PO BOX 827032,,PHILADELPHIA,PA,19182-7032,218100,67-7000-528336,67,Facilities Management,7000,528336,"UGI ENERGY SERVICES, LLC",PO BOX 827032,,PHILADELPHIA,PA,19182-7032,282409,64309
67,Facilities Management,7100,220450,HARRINGTON INDUSTRIAL PLASTICS INC,PO BOX 13346,,BALTIMORE,MD,21203,2535,67-7100-220450,67,Facilities Management,7100,220450,HARRINGTON INDUSTRIAL PLASTICS INC,PO BOX 13346,,BALTIMORE,MD,21203,3383,848
67,Facilities Management,7100,248635,GRAINGER,3750 BROOKSIDE PKWY,STE 260,ALPHARETTA,GA,30022-1433,78698,67-7100-248635,67,Facilities Management,7100,248635,GRAINGER,3750 BROOKSIDE PKWY,STE 260,ALPHARETTA,GA,30022-1433,78876,178
67,Facilities Management,7100,370983,"DOMINION ENERGY SOLUTIONS, INC",BANK OF AMERICA LOCKBOX,P O BOX 414607,BOSTON,MA,02241-4607,3271731,67-7100-370983,67,Facilities Management,7100,370983,"DOMINION ENERGY SOLUTIONS, INC",BANK OF AMERICA LOCKBOX,P O BOX 414607,BOSTON,MA,02241-4607,3534470,262739
78,Learning Research & Development Center,6000,100877,APPLE COMPUTER INC,PO BOX 281877,,ATLANTA,GA,30384-1877,6622,78-6000-100877,78,Learning Research & Development Center,6000,100877,APPLE COMPUTER INC,PO BOX 281877,,ATLANTA,GA,30384-1877,10378,3756
79,Business Affairs,6400,204776,"MARSH USA, INC",P O BOX 281915,,ATLANTA,GA,30384,428794,79-6400-204776,79,Business Affairs,6400,204776,"MARSH USA, INC",P O BOX 281915,,ATLANTA,GA,30384,443575,14781
79,Business Affairs,6400,278473,TALX CORPORATION,135 LA SALLE DEPT 3065,,CHICAGO,IL,60674-3065,77629,79-6400-278473,79,Business Affairs,6400,278473,TALX CORPORATION,135 LA SALLE DEPT 3065,,CHICAGO,IL,60674-3065,84580,6951
79,Business Affairs,6400,373495,RGP,"17101 ARMSTRONG AVE, SUITE 100",,IRVINE,CA,92614-5730,41525,79-6400-373495,79,Business Affairs,6400,373495,RGP,"17101 ARMSTRONG AVE, SUITE 100",,IRVINE,CA,92614-5730,41670,145
79,Business Affairs,7300,139161,CARNEGIE MUSEUMS OF PITTSBURGH,C/O MR DENNIS MCFADDEN,"4400 FORBES AV, MUSEUM OF ART",PITTBURGH,PA,15213,741000,79-7300-139161,79,Business Affairs,7300,139161,CARNEGIE MUSEUMS OF PITTSBURGH,C/O MR DENNIS MCFADDEN,"4400 FORBES AV, MUSEUM OF ART",PITTBURGH,PA,15213,1356000,615000
79,Business Affairs,7300,520861,BAUM BOULEVARD GROUND LLC,5607 BAUM BOULEVARD,,PITTSBURGH,PA,15206,330000,79-7300-520861,79,Business Affairs,7300,520861,BAUM BOULEVARD GROUND LLC,5607 BAUM BOULEVARD,,PITTSBURGH,PA,15206,440000,110000
80,Athletics,6000,100877,APPLE COMPUTER INC,PO BOX 281877,,ATLANTA,GA,30384-1877,109660,80-6000-100877,80,Athletics,6000,100877,APPLE COMPUTER INC,PO BOX 281877,,ATLANTA,GA,30384-1877,114642,4982
80,Athletics,6000,196770,G&G FITNESS EQUIPMENT,300 PLAZA,MALL BLVD,MONROEVILLE,PA,15146,13242,80-6000-196770,80,Athletics,6000,196770,G&G FITNESS EQUIPMENT,300 PLAZA,MALL BLVD,MONROEVILLE,PA,15146,14569,1327
80,Athletics,6000,265532,ELIZUR CORPORATION,4484 STEUBENVILLE PIKE,,PITTSBURGH,PA,15205,67787,80-6000-265532,80,Athletics,6000,265532,ELIZUR CORPORATION,4484 STEUBENVILLE PIKE,,PITTSBURGH,PA,15205,85516,17729
80,Athletics,6000,434464,ROGUE FITNESS,1080 STEELWOOD ROAD,,COLUMBUS,OH,43212,1183,80-6000-434464,80,Athletics,6000,434464,ROGUE FITNESS,1080 STEELWOOD ROAD,,COLUMBUS,OH,43212,2283,1100
80,Athletics,6000,458393,ON DECK SPORTS,150 WOOD RD STE 200,,BRAINTREE,MA,02184,2285,80-6000-458393,80,Athletics,6000,458393,ON DECK SPORTS,150 WOOD RD STE 200,,BRAINTREE,MA,02184,3959,1674
80,Athletics,6000,634569,PROFORMA THINK INK,PO BOX 640814,,CINCINNATI,OH,45264,2457,80-6000-634569,80,Athletics,6000,634569,PROFORMA THINK INK,PO BOX 640814,,CINCINNATI,OH,45264,5382,2925
80,Athletics,6000,675887,KINETIC PERFORMANCE TECHNOLOGY PTY LTD,UNIT 8 26-28 WINCHCOMBE CT,,MITCHELL ACT,,2911,17718,80-6000-675887,80,Athletics,6000,675887,KINETIC PERFORMANCE TECHNOLOGY PTY LTD,UNIT 8 26-28 WINCHCOMBE CT,,MITCHELL ACT,,2911,17163,-555
80,Athletics,6400,145412,BIOTRONICS INC,1370 BEULAH ROAD 2ND FLOOR,,PITTSBURGH,PA,15235-5084,5040,80-6400-145412,80,Athletics,6400,145412,BIOTRONICS INC,1370 BEULAH ROAD 2ND FLOOR,,PITTSBURGH,PA,15235-5084,5950,910
80,Athletics,6400,216293,SERVICEMASTER PROFESSIONAL BUILDING MAIN,1900 BEDFORD STREET,,JOHNSTOWN,PA,15902,11211,80-6400-216293,80,Athletics,6400,216293,SERVICEMASTER PROFESSIONAL BUILDING MAIN,1900 BEDFORD STREET,,JOHNSTOWN,PA,15902,29961,18750
80,Athletics,6400,436430,PITTSBURGH ORAL SURGERY P C,3347 FORBES AVENUE,,PITTSBURGH,PA,15213,8495,80-6400-436430,80,Athletics,6400,436430,PITTSBURGH ORAL SURGERY P C,3347 FORBES AVENUE,,PITTSBURGH,PA,15213,17755,9260
80,Athletics,6400,453327,"KINSEL, NICOLE ANTOINETTE",725 MAYVILLE AVENUE,,PITTSBURGH,PA,15226,1105,80-6400-453327,80,Athletics,6400,453327,"KINSEL, NICOLE ANTOINETTE",725 MAYVILLE AVENUE,,PITTSBURGH,PA,15226,1485,380
80,Athletics,6400,586985,ASAP SPORTS INC,2226 E 59TH PLACE,,BROOKLYN,NY,11234,5431,80-6400-586985,80,Athletics,6400,586985,ASAP SPORTS INC,2226 E 59TH PLACE,,BROOKLYN,NY,11234,12067,6636
80,Athletics,6400,691022,"SYNAN, REGIS",5665 BUTLER ST,,PITTSBURGH,PA,15201,1075,80-6400-691022,80,Athletics,6400,691022,"SYNAN, REGIS",5665 BUTLER ST,,PITTSBURGH,PA,15201,3225,2150
80,Athletics,6400,691108,"KOCIAN, KATHY",300 NORTH STREET,,MCDONALD,PA,15057,1075,80-6400-691108,80,Athletics,6400,691108,"KOCIAN, KATHY",300 NORTH STREET,,MCDONALD,PA,15057,3225,2150
80,Athletics,6400,691775,"PALMIERO, MICHAEL",820 CLEARDALE DR,,GREENSBURG,PA,15601,1303,80-6400-691775,80,Athletics,6400,691775,"PALMIERO, MICHAEL",820 CLEARDALE DR,,GREENSBURG,PA,15601,3909,2606
80,Athletics,6800,603868,SAP PRODUCITONS LLC,177 E MITCHELL HAMMOCK RD,,OVIEDO,FL,32765,1000,80-6800-603868,80,Athletics,6800,603868,SAP PRODUCITONS LLC,177 E MITCHELL HAMMOCK RD,,OVIEDO,FL,32765,1500,500
80,Athletics,7135,608857,CGS IMAGING LLC,6950 HALL ST,,HOLLAND,OH,43528,68348,80-7135-608857,80,Athletics,7135,608857,CGS IMAGING LLC,6950 HALL ST,,HOLLAND,OH,43528,78078,9730
83,General University,7300,112324,WEBSTER OFFICE ASSOCIATES,4415 5TH AVE,,PITTSBURGH,PA,15213,721789,83-7300-112324,83,General University,7300,112324,WEBSTER OFFICE ASSOCIATES,4415 5TH AVE,,PITTSBURGH,PA,15213,842184,120395
83,General University,7700,204776,"MARSH USA, INC",P O BOX 281915,,ATLANTA,GA,30384,4335280,83-7700-204776,83,General University,7700,204776,"MARSH USA, INC",P O BOX 281915,,ATLANTA,GA,30384,6071082,1735802
85,SOMD Administration,6000,111524,T R LAST CO INC,BOX 142 BAKERSTOWN RD,,GIBSONIA,PA,15044,1152369,85-6000-111524,85,SOMD Administration,6000,111524,T R LAST CO INC,BOX 142 BAKERSTOWN RD,,GIBSONIA,PA,15044,1158214,5845
85,SOMD Administration,6000,248635,GRAINGER,3750 BROOKSIDE PKWY,STE 260,ALPHARETTA,GA,30022-1433,174175,85-6000-248635,85,SOMD Administration,6000,248635,GRAINGER,3750 BROOKSIDE PKWY,STE 260,ALPHARETTA,GA,30022-1433,175540,1365
85,SOMD Administration,6000,274007,VWR INTERNATIONAL,405 HERON DRIVE,,BRIDGEPORT,NJ,08014,23265,85-6000-274007,85,SOMD Administration,6000,274007,VWR INTERNATIONAL,405 HERON DRIVE,,BRIDGEPORT,NJ,08014,24413,1148
85,SOMD Administration,6400,102368,CHARLES RIVER LABORATORIES INC,PO BOX 3869,,BOSTON,MA,02241,459827,85-6400-102368,85,SOMD Administration,6400,102368,CHARLES RIVER LABORATORIES INC,1635 BOUL. LIONEL-BERTRAND,,BOISBRIAND,,J7H 1N8,471205,11378
85,SOMD Administration,6400,102496,CINTAS CORP,40 ABELE RD,,BRIDGEVILLE,PA,15017,8864,85-6400-102496,85,SOMD Administration,6400,102496,CINTAS CORP,40 ABELE RD,,BRIDGEVILLE,PA,15017,205288,196424
85,SOMD Administration,6400,107169,MAROADI TRANSFER AND STORAGE INC,1850 GILL HALL RD,RT 30,FINELYVILLE,PA,15332,8404,85-6400-107169,85,SOMD Administration,6400,107169,MAROADI TRANSFER AND STORAGE INC,1850 GILL HALL RD,RT 30,FINELYVILLE,PA,15332,10326,1922
85,SOMD Administration,6400,112096,VECTOR SECURITY,30 INGOLD ROAD,,BURLINGAME,CA,94010,28627,85-6400-112096,85,SOMD Administration,6400,112096,VECTOR SECURITY,30 INGOLD ROAD,,BURLINGAME,CA,94010,36124,7497
85,SOMD Administration,6400,296639,MAGEE WOMENS RESEARCH INSTITUTE & FOUNDA,MAGEE HOSPITAL,SUITE 2130,PITTSBURGH,PA,15213,81603,85-6400-296639,85,SOMD Administration,6400,296639,MAGEE WOMENS RESEARCH INSTITUTE & FOUNDA,MAGEE HOSPITAL,SUITE 2130,PITTSBURGH,PA,15213,96406,14803
85,SOMD Administration,6600,534443,"SPOK, INC",5911 KINGSTOWNE VILLAGE PARKWAY,6TH FLOOR,ALEXANDRIA,VA,22315,8248,85-6600-534443,85,SOMD Administration,6600,534443,"SPOK, INC",5911 KINGSTOWNE VILLAGE PARKWAY,6TH FLOOR,ALEXANDRIA,VA,22315,8301,53
85,SOMD Administration,6700,381624,MCKINLEY SCIENTIFIC LLC,PO BOX 1524,C/O HARBOR BANK OF MARYLAND,BALTIMORE,MD,21202,1161,85-6700-381624,85,SOMD Administration,6700,381624,MCKINLEY SCIENTIFIC LLC,PO BOX 1524,C/O HARBOR BANK OF MARYLAND,BALTIMORE,MD,21202,3484,2323
85,SOMD Administration,7100,105138,HAY SERVICE AND INSTALLATION CO INC,435 MELWOOD AVE,,PITTSBURGH,PA,15213,13771,85-7100-105138,85,SOMD Administration,7100,105138,HAY SERVICE AND INSTALLATION CO INC,435 MELWOOD AVE,,PITTSBURGH,PA,15213,19741,5970
85,SOMD Administration,7100,213493,KROFF CHEMICAL COMPANY INC,PO BOX 76710,,CLEVELAND,OH,44101-6500,144707,85-7100-213493,85,SOMD Administration,7100,213493,KROFF CHEMICAL COMPANY INC,PO BOX 76710,,CLEVELAND,OH,44101-6500,152000,7293
85,SOMD Administration,7300,424204,BPA II LTD,1468 WEST 9TH STREET SUITE 835,,CLEVELAND,OH,44113,8366840,85-7300-424204,85,SOMD Administration,7300,424204,BPA II LTD,1468 WEST 9TH STREET SUITE 835,,CLEVELAND,OH,44113,10951439,2584599
87,SVC and Chief Financial Officer,6000,376590,COMCAST,P.O. BOX 105184,,ATLANTA,GA,30348-5184,1552,87-6000-376590,87,SVC and Chief Financial Officer,6000,376590,COMCAST,P.O. BOX 105184,,ATLANTA,GA,30348-5184,1793,241
87,SVC and Chief Financial Officer,6000,389822,BRONIEC ASSOCIATES INC,PO BOX 748,,NORCROSS,GA,30091,59301,87-6000-389822,87,SVC and Chief Financial Officer,6000,389822,BRONIEC ASSOCIATES INC,PO BOX 748,,NORCROSS,GA,30091,64745,5444
87,SVC and Chief Financial Officer,6000,521322,SUPRA OFFICE SOLUTIONS INC,PO BOX 201,,BALA CYNWYD,PA,19004,10966,87-6000-521322,87,SVC and Chief Financial Officer,6000,521322,SUPRA OFFICE SOLUTIONS INC,PO BOX 201,,BALA CYNWYD,PA,19004,10895,-71
87,SVC and Chief Financial Officer,6400,373495,RGP,"17101 ARMSTRONG AVE, SUITE 100",,IRVINE,CA,92614-5730,44884,87-6400-373495,87,SVC and Chief Financial Officer,6400,373495,RGP,"17101 ARMSTRONG AVE, SUITE 100",,IRVINE,CA,92614-5730,52724,7840
87,SVC and Chief Financial Officer,6400,472320,ROSSLYN ANALYTICS INC,"10 SOUTH RIVERSIDE PLAZA, SUITE 875",,CHICAGO,IL,60606,65900,87-6400-472320,87,SVC and Chief Financial Officer,6400,472320,ROSSLYN ANALYTICS INC,"10 SOUTH RIVERSIDE PLAZA, SUITE 875",,CHICAGO,IL,60606,120900,55000
87,SVC and Chief Financial Officer,6400,477422,RELIANT CAPITAL SOLUTIONS LLC,750 CROSS POINTE RD,SUITE G,GAHANNA,OH,43230,48662,87-6400-477422,87,SVC and Chief Financial Officer,6400,477422,RELIANT CAPITAL SOLUTIONS LLC,750 CROSS POINTE RD,SUITE G,GAHANNA,OH,43230,56735,8073
87,SVC and Chief Financial Officer,6400,561227,FLYWIRE CORPORATION,141 TREMONT ST 10TH FL,,BOSTON,MA,02111,105417,87-6400-561227,87,SVC and Chief Financial Officer,6400,561227,FLYWIRE CORPORATION,141 TREMONT ST 10TH FL,,BOSTON,MA,02111,124583,19166
87,SVC and Chief Financial Officer,6400,597245,STRATEGIS CONSULTING LLC,905 N BETHLEHEM PIKE #751,,SPRING HOUSE,PA,19477,10800,87-6400-597245,87,SVC and Chief Financial Officer,6400,597245,STRATEGIS CONSULTING LLC,905 N BETHLEHEM PIKE #751,,SPRING HOUSE,PA,19477,16200,5400
89,Human Resources,6000,103356,DELL MARKETING LP,DEPT AT 40275,,ATLANTA,GA,31192-0001,11989,89-6000-103356,89,Human Resources,6000,103356,DELL MARKETING LP,DEPT AT 40275,,ATLANTA,GA,31192-0001,12061,72
89,Human Resources,6400,228900,UPMC,UPMC ALTOONA,PO BOX 382059,PITTSBURGH,PA,15250-8059,447745,89-6400-228900,89,Human Resources,6400,228900,UPMC,UPMC ALTOONA,PO BOX 382059,PITTSBURGH,PA,15250-8059,484199,36454
89,Human Resources,6400,278473,TALX CORPORATION,135 LA SALLE DEPT 3065,,CHICAGO,IL,60674-3065,131666,89-6400-278473,89,Human Resources,6400,278473,TALX CORPORATION,135 LA SALLE DEPT 3065,,CHICAGO,IL,60674-3065,315450,183784
90,Western Psychiatric Institute and Clinic,6000,100877,APPLE COMPUTER INC,PO BOX 281877,,ATLANTA,GA,30384-1877,14614,90-6000-100877,90,Western Psychiatric Institute and Clinic,6000,100877,APPLE COMPUTER INC,PO BOX 281877,,ATLANTA,GA,30384-1877,14850,236
90,Western Psychiatric Institute and Clinic,6000,634763,SPRINGER NATURE CUSTOMER SERVICE CENTER,POSTFACH 200155,,FRANKFURT,,60605,2240,90-6000-634763,90,Western Psychiatric Institute and Clinic,6000,634763,SPRINGER NATURE CUSTOMER SERVICE CENTER,POSTFACH 200155,,FRANKFURT,,60605,6720,4480
90,Western Psychiatric Institute and Clinic,7300,121976,WEBSTER HALL PLAZA ASSOCS,NDC REAL ESTATE MANAGEMENT INC,4415 5TH AVE,PITTSBURGH,PA,15213,349999,90-7300-121976,90,Western Psychiatric Institute and Clinic,7300,121976,WEBSTER HALL PLAZA ASSOCS,NDC REAL ESTATE MANAGEMENT INC,4415 5TH AVE,PITTSBURGH,PA,15213,407605,57606
90,Western Psychiatric Institute and Clinic,7300,176128,WEBSTER APARTMENT ASSOC(S),NDC REAL ESTATE MANAGEMENT INC,4415 FIFTH AVENUE,PITTSBURGH,PA,15213,74726,90-7300-176128,90,Western Psychiatric Institute and Clinic,7300,176128,WEBSTER APARTMENT ASSOC(S),NDC REAL ESTATE MANAGEMENT INC,4415 FIFTH AVENUE,PITTSBURGH,PA,15213,87051,12325
90,Western Psychiatric Institute and Clinic,7300,206918,STERLING LAND CO,4609 BAYARD STREET,,PITTSBURGH,PA,15213,972745,90-7300-206918,90,Western Psychiatric Institute and Clinic,7300,206918,STERLING LAND CO,4609 BAYARD STREET,,PITTSBURGH,PA,15213,1129569,156824
91,"Planning, Design and Real Estate",6400,495406,OAK HILL COMMON LLC,ATTN REBECCA NELSON,280 BURROW STREET,PITTSBURGH,PA,15213,25635,91-6400-495406,91,"Planning, Design and Real Estate",6400,495406,OAK HILL COMMON LLC,ATTN REBECCA NELSON,280 BURROW STREET,PITTSBURGH,PA,15213,30217,4582
91,"Planning, Design and Real Estate",6600,495406,OAK HILL COMMON LLC,ATTN REBECCA NELSON,280 BURROW STREET,PITTSBURGH,PA,15213,1615,91-6600-495406,91,"Planning, Design and Real Estate",6600,495406,OAK HILL COMMON LLC,ATTN REBECCA NELSON,280 BURROW STREET,PITTSBURGH,PA,15213,1907,292
91,"Planning, Design and Real Estate",7000,495406,OAK HILL COMMON LLC,ATTN REBECCA NELSON,280 BURROW STREET,PITTSBURGH,PA,15213,41016,91-7000-495406,91,"Planning, Design and Real Estate",7000,495406,OAK HILL COMMON LLC,ATTN REBECCA NELSON,280 BURROW STREET,PITTSBURGH,PA,15213,49260,8244
91,"Planning, Design and Real Estate",7100,495406,OAK HILL COMMON LLC,ATTN REBECCA NELSON,280 BURROW STREET,PITTSBURGH,PA,15213,5891,91-7100-495406,91,"Planning, Design and Real Estate",7100,495406,OAK HILL COMMON LLC,ATTN REBECCA NELSON,280 BURROW STREET,PITTSBURGH,PA,15213,6607,716
91,"Planning, Design and Real Estate",7135,397922,PRO WORKS PROFESSIONAL SERVICES INC,4180 GLASGOW ROAD,,VALENCIA,PA,16059,19530,91-7135-397922,91,"Planning, Design and Real Estate",7135,397922,PRO WORKS PROFESSIONAL SERVICES INC,4180 GLASGOW ROAD,,VALENCIA,PA,16059,20550,1020
91,"Planning, Design and Real Estate",7135,495406,OAK HILL COMMON LLC,ATTN REBECCA NELSON,280 BURROW STREET,PITTSBURGH,PA,15213,1708,91-7135-495406,91,"Planning, Design and Real Estate",7135,495406,OAK HILL COMMON LLC,ATTN REBECCA NELSON,280 BURROW STREET,PITTSBURGH,PA,15213,2178,470
91,"Planning, Design and Real Estate",7300,495406,OAK HILL COMMON LLC,ATTN REBECCA NELSON,280 BURROW STREET,PITTSBURGH,PA,15213,516330,91-7300-495406,91,"Planning, Design and Real Estate",7300,495406,OAK HILL COMMON LLC,ATTN REBECCA NELSON,280 BURROW STREET,PITTSBURGH,PA,15213,594117,77787
91,"Planning, Design and Real Estate",7700,495406,OAK HILL COMMON LLC,ATTN REBECCA NELSON,280 BURROW STREET,PITTSBURGH,PA,15213,9162,91-7700-495406,91,"Planning, Design and Real Estate",7700,495406,OAK HILL COMMON LLC,ATTN REBECCA NELSON,280 BURROW STREET,PITTSBURGH,PA,15213,10602,1440
92,Business and Auxiliary Services,6000,248635,GRAINGER,3750 BROOKSIDE PKWY,STE 260,ALPHARETTA,GA,30022-1433,832605,92-6000-248635,92,Business and Auxiliary Services,6000,248635,GRAINGER,3750 BROOKSIDE PKWY,STE 260,ALPHARETTA,GA,30022-1433,844261,11656
92,Business and Auxiliary Services,6000,262228,AMAZON WEB SERVICES INC,PO BOX 530958,,ATLANTA,GA,30353-0958,7494,92-6000-262228,92,Business and Auxiliary Services,6000,262228,AMAZON WEB SERVICES INC,PO BOX 530958,,ATLANTA,GA,30353-0958,7631,137
92,Business and Auxiliary Services,6000,521322,SUPRA OFFICE SOLUTIONS INC,PO BOX 201,,BALA CYNWYD,PA,19004,19520,92-6000-521322,92,Business and Auxiliary Services,6000,521322,SUPRA OFFICE SOLUTIONS INC,PO BOX 201,,BALA CYNWYD,PA,19004,19818,298
92,Business and Auxiliary Services,6400,111320,TELEPLEX INC,1 GRANDE PLAZA,STE 1201-411,PITTSBURGH,PA,15219,2075,92-6400-111320,92,Business and Auxiliary Services,6400,111320,TELEPLEX INC,1 GRANDE PLAZA,STE 1201-411,PITTSBURGH,PA,15219,3606,1531
92,Business and Auxiliary Services,6400,140534,WELESKI TRANSFER INC,161 HORNER STREET,,JOHNSTOWN,PA,15902,5307,92-6400-140534,92,Business and Auxiliary Services,6400,140534,WELESKI TRANSFER INC,161 HORNER STREET,,JOHNSTOWN,PA,15902,72366,67059
92,Business and Auxiliary Services,6400,169104,CHARTWELLS DINING SERVICES,C/O COMPASS GROUP USA,PO BOX 417632,BOSTON,MA,02241-7632,25054828,92-6400-169104,92,Business and Auxiliary Services,6400,169104,CHARTWELLS DINING SERVICES,C/O COMPASS GROUP USA,PO BOX 417632,BOSTON,MA,02241-7632,25103645,48817
92,Business and Auxiliary Services,6400,175975,ALCO PARKING CORP,CENTRE COMMONS GARAGE,501 MARTINDALE STREET,PITTSBURGH,PA,15212,680396,92-6400-175975,92,Business and Auxiliary Services,6400,175975,ALCO PARKING CORP,CENTRE COMMONS GARAGE,501 MARTINDALE STREET,PITTSBURGH,PA,15212,681584,1188
92,Business and Auxiliary Services,6400,183261,T2 SYSTEMS INC,PO BOX 936599,,ATLANTA,GA,31193-6599,62287,92-6400-183261,92,Business and Auxiliary Services,6400,183261,T2 SYSTEMS INC,PO BOX 936599,,ATLANTA,GA,31193-6599,71442,9155
92,Business and Auxiliary Services,6400,373856,KINETIC SOFTWARE INCORPORATED,PO BOX 8547 #24538,,BOSTON,MA,02114,95682,92-6400-373856,92,Business and Auxiliary Services,6400,373856,KINETIC SOFTWARE INCORPORATED,PO BOX 8547 #24538,,BOSTON,MA,02114,176924,81242
92,Business and Auxiliary Services,6400,571859,BRAND IQ CREATIVE GROUP,600 GRANT ST SUITE 660,,PITTSBURGH,PA,15219,28920,92-6400-571859,92,Business and Auxiliary Services,6400,571859,BRAND IQ CREATIVE GROUP,600 GRANT ST SUITE 660,,PITTSBURGH,PA,15219,49920,21000
92,Business and Auxiliary Services,6400,686890,ENTERPRISE FM TRUST,PO BOX 800089,,KANSAS CITY,MO,64180-0089,1632849,92-6400-686890,92,Business and Auxiliary Services,6400,686890,ENTERPRISE FM TRUST,PO BOX 800089,,KANSAS CITY,MO,64180-0089,1889322,256473
92,Business and Auxiliary Services,7100,111330,TENNANT SALES AND SERVICE CO,PO BOX 71414,,CHICAGO,IL,60694-1414,31337,92-7100-111330,92,Business and Auxiliary Services,7100,111330,TENNANT SALES AND SERVICE CO,PO BOX 71414,,CHICAGO,IL,60694-1414,31775,438
92,Business and Auxiliary Services,7100,159416,MARIANI & RICHARDS INC,2800 LIBRARY RD,,PITTSBURGH,PA,15234,42800,92-7100-159416,92,Business and Auxiliary Services,7100,159416,MARIANI & RICHARDS INC,2800 LIBRARY RD,,PITTSBURGH,PA,15234,128400,85600
92,Business and Auxiliary Services,7100,646035,CITY COLLISION INC,3015 LIBERTY AVENUE,,PITTSBURGH,PA,15201,41905,92-7100-646035,92,Business and Auxiliary Services,7100,646035,CITY COLLISION INC,3015 LIBERTY AVENUE,,PITTSBURGH,PA,15201,43905,2000
92,Business and Auxiliary Services,7135,299727,F & G PAINTING CO,208 LIVINGSTON AVE,,PITTSBURGH,PA,15238,1474847,92-7135-299727,92,Business and Auxiliary Services,7135,299727,F & G PAINTING CO,208 LIVINGSTON AVE,,PITTSBURGH,PA,15238,1739141,264294
92,Business and Auxiliary Services,7300,505445,WYNDHAM PITTSBURGH UNIVERSITY CENTER,545 E JOHN CARPENTER FREEWAY STE 1300,,IRVING,TX,75062,9634730,92-7300-505445,92,Business and Auxiliary Services,7300,505445,WYNDHAM PITTSBURGH UNIVERSITY CENTER,545 E JOHN CARPENTER FREEWAY STE 1300,,IRVING,TX,75062,11657790,2023060
92,Business and Auxiliary Services,7300,659342,PLDC LAND OWNER LLC,PINECREST LLC ATTN TY PERLMUTTER,"1359 W FULLERTON AVE, UNIT 2E",CHICAGO,IL,60614,3577785,92-7300-659342,92,Business and Auxiliary Services,7300,659342,PLDC LAND OWNER LLC,PINECREST LLC ATTN TY PERLMUTTER,"1359 W FULLERTON AVE, UNIT 2E",CHICAGO,IL,60614,4071205,493420
92,Business and Auxiliary Services,7300,687995,MWK FORBES II LLC,3341 FORBES AVENUE,,PITTSBURGH,PA,15213,5168342,92-7300-687995,92,Business and Auxiliary Services,7300,687995,MWK FORBES II LLC,3341 FORBES AVENUE,,PITTSBURGH,PA,15213,6280388,1112046
92,Business and Auxiliary Services,7400,100877,APPLE COMPUTER INC,PO BOX 281877,,ATLANTA,GA,30384-1877,818550,92-7400-100877,92,Business and Auxiliary Services,7400,100877,APPLE COMPUTER INC,PO BOX 281877,,ATLANTA,GA,30384-1877,881718,63168
92,Business and Auxiliary Services,7400,103166,D&H DISTRIBUTING CO,P O BOX 406942,,ATLANTA,GA,30384-6942,9134,92-7400-103166,92,Business and Auxiliary Services,7400,103166,D&H DISTRIBUTING CO,P O BOX 406942,,ATLANTA,GA,30384-6942,9195,61
92,Business and Auxiliary Services,7400,103587,DOUGLAS STEWART CO INC,DEPT 7215,,CAROL STREAM,IL,60122-7215,72034,92-7400-103587,92,Business and Auxiliary Services,7400,103587,DOUGLAS STEWART CO INC,DEPT 7215,,CAROL STREAM,IL,60122-7215,73338,1304
92,Business and Auxiliary Services,7400,104168,FEDEX,PO BOX 965,,BROOKFIELD,WI,53008,212056,92-7400-104168,92,Business and Auxiliary Services,7400,104168,FEDEX,PO BOX 965,,BROOKFIELD,WI,53008,222248,10192
92,Business and Auxiliary Services,7400,109751,REED & WITTING COMPANY,5000 BAUM BLVD,,PITTSBURGH,PA,15213,303835,92-7400-109751,92,Business and Auxiliary Services,7400,109751,REED & WITTING COMPANY,5000 BAUM BLVD,,PITTSBURGH,PA,15213,322551,18716
92,Business and Auxiliary Services,7400,109931,RITTENHOUSE BOOK DISTRIBUTORS INC,PO BOX 896842,,CHARLOTTE,NC,28289-6842,3467,92-7400-109931,92,Business and Auxiliary Services,7400,109931,RITTENHOUSE BOOK DISTRIBUTORS INC,PO BOX 896842,,CHARLOTTE,NC,28289-6842,3719,252
92,Business and Auxiliary Services,7400,110577,SIGNS PLUS,1342 GREENBAG RD,,MORGANTOWN,WV,26508,239976,92-7400-110577,92,Business and Auxiliary Services,7400,110577,SIGNS PLUS,1342 GREENBAG RD,,MORGANTOWN,WV,26508,278296,38320
92,Business and Auxiliary Services,7400,110900,SPIRIT PRODUCTS LTD,PO BOX 729,,HAVERHILL,MA,01831,42339,92-7400-110900,92,Business and Auxiliary Services,7400,110900,SPIRIT PRODUCTS LTD,PO BOX 729,,HAVERHILL,MA,01831,42817,478
92,Business and Auxiliary Services,7400,257953,UPS,FREIGHT,PO BOX 79755,BALTIMORE,MD,21279-0755,360084,92-7400-257953,92,Business and Auxiliary Services,7400,257953,UPS,FREIGHT,PO BOX 79755,BALTIMORE,MD,21279-0755,373181,13097
92,Business and Auxiliary Services,7400,265267,CHICAGO DISTRIBUTION CENTER,11030 SOUTH LANGLEY AVE,,CHICAGO,IL,60628,3921,92-7400-265267,92,Business and Auxiliary Services,7400,265267,CHICAGO DISTRIBUTION CENTER,11030 SOUTH LANGLEY AVE,,CHICAGO,IL,60628,4366,445
92,Business and Auxiliary Services,7400,265680,STERLING PAPER CO,PO BOX 633306,,CINCINNATI,OH,45263-3306,63342,92-7400-265680,92,Business and Auxiliary Services,7400,265680,STERLING PAPER CO,PO BOX 633306,,CINCINNATI,OH,45263-3306,63405,63
93,Public Safety and Emergency Management,6000,295770,NEW BALANCE PITTSBURGH,112 WEST BRIDGE ST,,HOMESTEAD,PA,15120,8957,93-6000-295770,93,Public Safety and Emergency Management,6000,295770,NEW BALANCE PITTSBURGH,112 WEST BRIDGE ST,,HOMESTEAD,PA,15120,9389,432
93,Public Safety and Emergency Management,6400,632784,SECURITY CONSULTING SOLUTIONS INC,375 E 2ND ST,,BEAVER,PA,15009,7499,93-6400-632784,93,Public Safety and Emergency Management,6400,632784,SECURITY CONSULTING SOLUTIONS INC,375 E 2ND ST,,BEAVER,PA,15009,8641,1142
93,Public Safety and Emergency Management,6600,376590,COMCAST,P.O. BOX 105184,,ATLANTA,GA,30348-5184,2106,93-6600-376590,93,Public Safety and Emergency Management,6600,376590,COMCAST,P.O. BOX 105184,,ATLANTA,GA,30348-5184,2800,694
94,School of Computing and Information,6000,100877,APPLE COMPUTER INC,PO BOX 281877,,ATLANTA,GA,30384-1877,15284,94-6000-100877,94,School of Computing and Information,6000,100877,APPLE COMPUTER INC,PO BOX 281877,,ATLANTA,GA,30384-1877,13142,-2142
